{
  "info": {
    "name": "Order Execution Engine",
    "schema": "https://schema.getpostman.com/json/collection/v2.1.0/collection.json"
  },
  "item": [
    {
      "name": "Execute Order (POST)",
      "request": {
        "method": "POST",
        "header": [
          {
            "key": "Content-Type",
            "value": "application/json"
          }
        ],
        "body": {
          "mode": "raw",
          "raw": "{\"orderType\":\"market\",\"tokenIn\":\"SOL\",\"tokenOut\":\"USDC\",\"amount\":1}"
        },
        "url": {
          "raw": "http://localhost:3000/api/orders/execute",
          "protocol": "http",
          "host": [
            "localhost"
          ],
          "port": "3000",
          "path": [
            "api",
            "orders",
            "execute"
          ]
        }
      }
    }
  ]
}